商品名称,商品描述,起拍价,最低加价,封顶价,竞拍时长秒,库存,商品卖点,讲解关键词
水蓝蓝,洛克王国世界黑白炫彩成交榜第1名，最新成交平均参考价3194，适合直播竞拍展示。,2230,100,3194,90,1,榜单第1名，参考价3194，黑白炫彩热门精灵,洛克王国、黑白炫彩、第1名、直播竞拍
厉毒修萝,洛克王国世界黑白炫彩成交榜第2名，最新成交平均参考价3000，适合直播竞拍展示。,2100,100,3000,90,1,榜单第2名，参考价3000，黑白炫彩热门精灵,洛克王国、黑白炫彩、第2名、直播竞拍
炽心勇狮,洛克王国世界黑白炫彩成交榜第3名，最新成交平均参考价2944，适合直播竞拍展示。,2060,100,2944,90,1,榜单第3名，参考价2944，黑白炫彩热门精灵,洛克王国、黑白炫彩、第3名、直播竞拍
罗隐,洛克王国世界黑白炫彩成交榜第4名，最新成交平均参考价2750，适合直播竞拍展示。,1920,100,2750,90,1,榜单第4名，参考价2750，黑白炫彩热门精灵,洛克王国、黑白炫彩、第4名、直播竞拍
寂灭骨龙,洛克王国世界黑白炫彩成交榜第5名，最新成交平均参考价2670，适合直播竞拍展示。,1860,100,2670,90,1,榜单第5名，参考价2670，黑白炫彩热门精灵,洛克王国、黑白炫彩、第5名、直播竞拍
魔力猫,洛克王国世界黑白炫彩成交榜第6名，最新成交平均参考价2664，适合直播竞拍展示。,1860,100,2664,90,1,榜单第6名，参考价2664，黑白炫彩热门精灵,洛克王国、黑白炫彩、第6名、直播竞拍
火神,洛克王国世界黑白炫彩成交榜第7名，最新成交平均参考价2533，适合直播竞拍展示。,1770,100,2533,90,1,榜单第7名，参考价2533，黑白炫彩热门精灵,洛克王国、黑白炫彩、第7名、直播竞拍
烈火守护,洛克王国世界黑白炫彩成交榜第8名，最新成交平均参考价2400，适合直播竞拍展示。,1680,50,2400,90,1,榜单第8名，参考价2400，黑白炫彩热门精灵,洛克王国、黑白炫彩、第8名、直播竞拍
火焰猿,洛克王国世界黑白炫彩成交榜第9名，最新成交平均参考价2200，适合直播竞拍展示。,1540,50,2200,90,1,榜单第9名，参考价2200，黑白炫彩热门精灵,洛克王国、黑白炫彩、第9名、直播竞拍
白金独角兽,洛克王国世界黑白炫彩成交榜第10名，最新成交平均参考价2194，适合直播竞拍展示。,1530,50,2194,90,1,榜单第10名，参考价2194，黑白炫彩热门精灵,洛克王国、黑白炫彩、第10名、直播竞拍
黑猫巫师,洛克王国世界黑白炫彩成交榜第11名，最新成交平均参考价2019，适合直播竞拍展示。,1410,50,2019,90,1,榜单第11名，参考价2019，黑白炫彩热门精灵,洛克王国、黑白炫彩、第11名、直播竞拍
上岸蛙,洛克王国世界黑白炫彩成交榜第12名，最新成交平均参考价2000，适合直播竞拍展示。,1400,50,2000,90,1,榜单第12名，参考价2000，黑白炫彩热门精灵,洛克王国、黑白炫彩、第12名、直播竞拍
伊兰亚龙,洛克王国世界黑白炫彩成交榜第13名，最新成交平均参考价1933，适合直播竞拍展示。,1350,50,1933,90,1,榜单第13名，参考价1933，黑白炫彩热门精灵,洛克王国、黑白炫彩、第13名、直播竞拍
圣剑-X,洛克王国世界黑白炫彩成交榜第14名，最新成交平均参考价1925，适合直播竞拍展示。,1340,50,1925,90,1,榜单第14名，参考价1925，黑白炫彩热门精灵,洛克王国、黑白炫彩、第14名、直播竞拍
音速犬,洛克王国世界黑白炫彩成交榜第15名，最新成交平均参考价1860，适合直播竞拍展示。,1300,50,1860,90,1,榜单第15名，参考价1860，黑白炫彩热门精灵,洛克王国、黑白炫彩、第15名、直播竞拍
皇家狮鹫,洛克王国世界黑白炫彩成交榜第16名，最新成交平均参考价1795，适合直播竞拍展示。,1250,50,1795,90,1,榜单第16名，参考价1795，黑白炫彩热门精灵,洛克王国、黑白炫彩、第16名、直播竞拍
针叶巡林,洛克王国世界黑白炫彩成交榜第17名，最新成交平均参考价1688，适合直播竞拍展示。,1180,50,1688,90,1,榜单第17名，参考价1688，黑白炫彩热门精灵,洛克王国、黑白炫彩、第17名、直播竞拍
化蝶,洛克王国世界黑白炫彩成交榜第18名，最新成交平均参考价1676，适合直播竞拍展示。,1170,50,1676,90,1,榜单第18名，参考价1676，黑白炫彩热门精灵,洛克王国、黑白炫彩、第18名、直播竞拍
波多西,洛克王国世界黑白炫彩成交榜第19名，最新成交平均参考价1500，适合直播竞拍展示。,1050,50,1500,90,1,榜单第19名，参考价1500，黑白炫彩热门精灵,洛克王国、黑白炫彩、第19名、直播竞拍
棋绮后,洛克王国世界黑白炫彩成交榜第20名，最新成交平均参考价1445，适合直播竞拍展示。,1010,30,1445,90,1,榜单第20名，参考价1445，黑白炫彩热门精灵,洛克王国、黑白炫彩、第20名、直播竞拍
彩蝶鲨,洛克王国世界黑白炫彩成交榜第21名，最新成交平均参考价1318，适合直播竞拍展示。,920,30,1318,90,1,榜单第21名，参考价1318，黑白炫彩热门精灵,洛克王国、黑白炫彩、第21名、直播竞拍
雪怪,洛克王国世界黑白炫彩成交榜第22名，最新成交平均参考价1302，适合直播竞拍展示。,910,30,1302,90,1,榜单第22名，参考价1302，黑白炫彩热门精灵,洛克王国、黑白炫彩、第22名、直播竞拍
海豹船长,洛克王国世界黑白炫彩成交榜第23名，最新成交平均参考价1254，适合直播竞拍展示。,870,30,1254,90,1,榜单第23名，参考价1254，黑白炫彩热门精灵,洛克王国、黑白炫彩、第23名、直播竞拍
嘟嘟鸟,洛克王国世界黑白炫彩成交榜第24名，最新成交平均参考价1251，适合直播竞拍展示。,870,30,1251,90,1,榜单第24名，参考价1251，黑白炫彩热门精灵,洛克王国、黑白炫彩、第24名、直播竞拍
乖乖鸽,洛克王国世界黑白炫彩成交榜第25名，最新成交平均参考价1215，适合直播竞拍展示。,850,30,1215,90,1,榜单第25名，参考价1215，黑白炫彩热门精灵,洛克王国、黑白炫彩、第25名、直播竞拍
梦想三三,洛克王国世界黑白炫彩成交榜第26名，最新成交平均参考价1207，适合直播竞拍展示。,840,30,1207,90,1,榜单第26名，参考价1207，黑白炫彩热门精灵,洛克王国、黑白炫彩、第26名、直播竞拍
雅丹髯,洛克王国世界黑白炫彩成交榜第27名，最新成交平均参考价1197，适合直播竞拍展示。,830,30,1197,90,1,榜单第27名，参考价1197，黑白炫彩热门精灵,洛克王国、黑白炫彩、第27名、直播竞拍
红绒十字,洛克王国世界黑白炫彩成交榜第28名，最新成交平均参考价1136，适合直播竞拍展示。,790,30,1136,90,1,榜单第28名，参考价1136，黑白炫彩热门精灵,洛克王国、黑白炫彩、第28名、直播竞拍
绒光优优,洛克王国世界黑白炫彩成交榜第29名，最新成交平均参考价1128，适合直播竞拍展示。,780,30,1128,90,1,榜单第29名，参考价1128，黑白炫彩热门精灵,洛克王国、黑白炫彩、第29名、直播竞拍
毛头小蛛,洛克王国世界黑白炫彩成交榜第30名，最新成交平均参考价1000，适合直播竞拍展示。,700,30,1000,90,1,榜单第30名，参考价1000，黑白炫彩热门精灵,洛克王国、黑白炫彩、第30名、直播竞拍
幽星光,洛克王国世界黑白炫彩成交榜第31名，最新成交平均参考价999，适合直播竞拍展示。,690,20,999,90,1,榜单第31名，参考价999，黑白炫彩热门精灵,洛克王国、黑白炫彩、第31名、直播竞拍
琉璃水母,洛克王国世界黑白炫彩成交榜第32名，最新成交平均参考价981，适合直播竞拍展示。,680,20,981,90,1,榜单第32名，参考价981，黑白炫彩热门精灵,洛克王国、黑白炫彩、第32名、直播竞拍
春花兔,洛克王国世界黑白炫彩成交榜第33名，最新成交平均参考价950，适合直播竞拍展示。,660,20,950,90,1,榜单第33名，参考价950，黑白炫彩热门精灵,洛克王国、黑白炫彩、第33名、直播竞拍
雪影娃娃,洛克王国世界黑白炫彩成交榜第34名，最新成交平均参考价930，适合直播竞拍展示。,650,20,930,90,1,榜单第34名，参考价930，黑白炫彩热门精灵,洛克王国、黑白炫彩、第34名、直播竞拍
鸭吉吉,洛克王国世界黑白炫彩成交榜第35名，最新成交平均参考价925，适合直播竞拍展示。,640,20,925,90,1,榜单第35名，参考价925，黑白炫彩热门精灵,洛克王国、黑白炫彩、第35名、直播竞拍
雪灵,洛克王国世界黑白炫彩成交榜第36名，最新成交平均参考价924，适合直播竞拍展示。,640,20,924,90,1,榜单第36名，参考价924，黑白炫彩热门精灵,洛克王国、黑白炫彩、第36名、直播竞拍
粉星仔,洛克王国世界黑白炫彩成交榜第37名，最新成交平均参考价913，适合直播竞拍展示。,630,20,913,90,1,榜单第37名，参考价913，黑白炫彩热门精灵,洛克王国、黑白炫彩、第37名、直播竞拍
游蛇魔使,洛克王国世界黑白炫彩成交榜第38名，最新成交平均参考价900，适合直播竞拍展示。,630,20,900,90,1,榜单第38名，参考价900，黑白炫彩热门精灵,洛克王国、黑白炫彩、第38名、直播竞拍
瞌睡王,洛克王国世界黑白炫彩成交榜第39名，最新成交平均参考价888，适合直播竞拍展示。,620,20,888,90,1,榜单第39名，参考价888，黑白炫彩热门精灵,洛克王国、黑白炫彩、第39名、直播竞拍
灵狐,洛克王国世界黑白炫彩成交榜第40名，最新成交平均参考价859，适合直播竞拍展示。,600,20,859,90,1,榜单第40名，参考价859，黑白炫彩热门精灵,洛克王国、黑白炫彩、第40名、直播竞拍
咔咔鸟,洛克王国世界黑白炫彩成交榜第41名，最新成交平均参考价813，适合直播竞拍展示。,560,20,813,90,1,榜单第41名，参考价813，黑白炫彩热门精灵,洛克王国、黑白炫彩、第41名、直播竞拍
怖哭菇,洛克王国世界黑白炫彩成交榜第42名，最新成交平均参考价810，适合直播竞拍展示。,560,20,810,90,1,榜单第42名，参考价810，黑白炫彩热门精灵,洛克王国、黑白炫彩、第42名、直播竞拍
雪豆丁,洛克王国世界黑白炫彩成交榜第43名，最新成交平均参考价800，适合直播竞拍展示。,560,20,800,90,1,榜单第43名，参考价800，黑白炫彩热门精灵,洛克王国、黑白炫彩、第43名、直播竞拍
岚鸟,洛克王国世界黑白炫彩成交榜第44名，最新成交平均参考价795，适合直播竞拍展示。,550,20,795,90,1,榜单第44名，参考价795，黑白炫彩热门精灵,洛克王国、黑白炫彩、第44名、直播竞拍
卡洛儿,洛克王国世界黑白炫彩成交榜第45名，最新成交平均参考价792，适合直播竞拍展示。,550,20,792,90,1,榜单第45名，参考价792，黑白炫彩热门精灵,洛克王国、黑白炫彩、第45名、直播竞拍
月牙雪熊,洛克王国世界黑白炫彩成交榜第46名，最新成交平均参考价790，适合直播竞拍展示。,550,20,790,90,1,榜单第46名，参考价790，黑白炫彩热门精灵,洛克王国、黑白炫彩、第46名、直播竞拍
声波缇塔,洛克王国世界黑白炫彩成交榜第47名，最新成交平均参考价789，适合直播竞拍展示。,550,20,789,90,1,榜单第47名，参考价789，黑白炫彩热门精灵,洛克王国、黑白炫彩、第47名、直播竞拍
龙鱼,洛克王国世界黑白炫彩成交榜第48名，最新成交平均参考价765，适合直播竞拍展示。,530,20,765,90,1,榜单第48名，参考价765，黑白炫彩热门精灵,洛克王国、黑白炫彩、第48名、直播竞拍
千棘盔,洛克王国世界黑白炫彩成交榜第49名，最新成交平均参考价754，适合直播竞拍展示。,520,20,754,90,1,榜单第49名，参考价754，黑白炫彩热门精灵,洛克王国、黑白炫彩、第49名、直播竞拍
小甲虫,洛克王国世界黑白炫彩成交榜第50名，最新成交平均参考价754，适合直播竞拍展示。,520,20,754,90,1,榜单第50名，参考价754，黑白炫彩热门精灵,洛克王国、黑白炫彩、第50名、直播竞拍
